<?xml version="1.0" encoding="UTF-8"?>
<!DOCTYPE hibernate-configuration PUBLIC
"-//Hibernate/Hibernate Configuration DTD 3.0//EN"
"http://hibernate.sourceforge.net/hibernate-configuration-3.0.dtd">
<hibernate-configuration>
    <!-- 本組態檔是給 Java Application 使用的(有main()方法的Java程式) -->	
	<session-factory>
		<!-- 連結資料庫的相關設定 -->
		<!-- 顯示實際操作資料庫時的SQL -->
		<property name="show_sql">true</property>
		<!-- 將顯示的SQL排版，方便觀看 -->
		<property name="format_sql">true</property>
		<!-- http://docs.jboss.org/hibernate/orm/3.5/javadocs/org/hibernate/dialect/package-summary.html 
			可以找到hibernate.dialect的說明 -->
		<!-- SQL方言、JDBC驅動程式的主類別、連線的URL、帳號與密碼，Database是MySQL -->

		<!-- SQL方言、JDBC驅動程式的主類別、連線的URL、帳號與密碼，Database是SQL Server -->
		<property name="hibernate.dialect">org.hibernate.dialect.SQLServer2012Dialect</property>
		<property name="connection.driver_class">com.microsoft.sqlserver.jdbc.SQLServerDriver</property>
		<property name="connection.url">jdbc:sqlserver://127.0.0.1:1433;DatabaseName=JSPDB</property>
		<property name="connection.username">sa</property>
		<property name="connection.password">sa123456</property>
		<!-- hibernate 相關效能設定 -->
		<property name="hibernate.bytecode.use_reflection_optimizer">false</property>
		<property name="connection_pool_size">1</property>


		<!-- validate | update | create | create-drop 如果沒要用 set value="none". -->
		<!-- validate 程式執行驗證資料對應表相關資料。 update 如果table已存在，就更新，不存在則新增 create 每次執行就自動刪除所有對應的table，再新增所有對應的table 
			create-drop 新增所有對應的table , 程式關閉前刪除所有對應的table -->
		<!-- 自動產生資料庫的Schema -->
		<property name="hbm2ddl.auto">create</property>
		<!-- 對應資料表 ，所有的Persistent類別都需要定義一個Mapping檔 -->
		<mapping class="crm.model.Category"></mapping>
		<mapping class="crm.model.Hobby"></mapping>
		<mapping class="crm.model.Member"></mapping>
	</session-factory>
</hibernate-configuration>