use SQL50;

create table student(
 sno varchar(10) primary key,
 sname varchar(20),
 sage int, 
 ssex varchar(5)
);

create table teacher(
 tno varchar(10) primary key, 
 tname varchar(20)
);

create table course(
 cno varchar(10),
 cname varchar(20), 
 tno varchar(20), 
 constraint pk_course primary key (cno,tno)
);

create table sc(
 sno varchar(10),
 cno varchar(10), 
 score float,
 constraint pk_sc primary key (sno,cno)
);

insert into student values ('s001','張三',23,'男');
insert into student values ('s002','李四',23,'男');
insert into student values ('s003','吳鵬',25,'男');
insert into student values ('s004','琴沁',20,'女');
insert into student values ('s005','王麗',20,'女');
insert into student values ('s006','李波',21,'男');
insert into student values ('s007','劉玉',21,'男');
insert into student values ('s008','蕭蓉',21,'女');
insert into student values ('s009','陳蕭曉',23,'女');
insert into student values ('s010','陳美',22,'女');
insert into student values ('s011','王麗',24,'女');
insert into student values ('s012','蕭蓉',20,'女');

insert into teacher values ('t001', '劉陽');
insert into teacher values ('t002', '諶燕');
insert into teacher values ('t003', '胡明星');

insert into course values ('c001','J2SE','t002');
insert into course values ('c002','Java Web','t002');
insert into course values ('c003','SSH','t001');
insert into course values ('c004','Oracle','t001');
insert into course values ('c005','SQL SERVER 2005','t003');
insert into course values ('c006','C#','t003');
insert into course values ('c007','JavaScript','t002');
insert into course values ('c008','DIV+CSS','t001');
insert into course values ('c009','PHP','t003');
insert into course values ('c010','EJB3.0','t002');

insert into sc values ('s001','c001',78.9);
insert into sc values ('s002','c001',80.9);
insert into sc values ('s003','c001',81.9);
insert into sc values ('s004','c001',50.9);
insert into sc values ('s005','c001',59.9);
insert into sc values ('s001','c002',82.9);
insert into sc values ('s002','c002',72.9);
insert into sc values ('s003','c002',82.9);
insert into sc values ('s001','c003',59);
insert into sc values ('s006','c003',99.8);
insert into sc values ('s002','c004',52.9);
insert into sc values ('s003','c004',20.9);
insert into sc values ('s004','c004',59.8);
insert into sc values ('s005','c004',50.8);
insert into sc values ('s002','c005',92.9);
insert into sc values ('s001','c007',78.9);
insert into sc values ('s001','c010',78.9);

select * from student;
select * from teacher;
select * from course;
select * from sc;