<?xml version="1.0" encoding="UTF-8"?>
<beans xmlns="http://www.springframework.org/schema/beans"
	xmlns:xsi="http://www.w3.org/2001/XMLSchema-instance"
	xmlns:context="http://www.springframework.org/schema/context"
	xmlns:p="http://www.springframework.org/schema/p"
	xmlns:aop="http://www.springframework.org/schema/aop"
	xsi:schemaLocation="http://www.springframework.org/schema/beans http://www.springframework.org/schema/beans/spring-beans.xsd
		http://www.springframework.org/schema/context http://www.springframework.org/schema/context/spring-context.xsd
		http://www.springframework.org/schema/aop http://www.springframework.org/schema/aop/spring-aop.xsd">

	<context:annotation-config />
	<context:component-scan
		base-package="tw.hibernatedemo" />
	<aop:aspectj-autoproxy />

<!-- 	<bean id="teacher1" class="tw.hibernatedemo.model.EnglishTeacher"></bean> -->

	<!-- String string0 = new String(Test Information); -->
<!-- 	<bean id="string0" name="string1, string2" -->
<!-- 		class="java.lang.String"> -->
<!-- 		<constructor-arg value="Test Information"></constructor-arg> -->
<!-- 	</bean> -->

<!-- 	<bean id="loginDao" class="tw.hibernatedemo.model.LoginDao"></bean> -->

	<!-- 建構子注入 constructor injection -->
<!-- 	<bean id="loginService" class="tw.hibernatedemo.service.LoginService"> -->
<!-- 		<constructor-arg ref="loginDao"></constructor-arg> -->
<!-- 	</bean> -->

	<!-- setter 注入 setter injection -->
<!-- 	<bean id="loginService2" class="tw.hibernatedemo.service.LoginService"> -->
<!-- 		<property name="loginDao" ref="loginDao"></property> -->
		<!-- property name 是 setter 後面的字小寫開頭 -->
<!-- 	</bean> -->

<!-- 	<bean id="car1" class="tw.hibernatedemo.model.Car"> -->
<!-- 		<constructor-arg index="0" value="1001"></constructor-arg> -->
<!-- 		<constructor-arg index="1" value="model 3"></constructor-arg> -->
<!-- 		<constructor-arg index="2" value="Tesla"></constructor-arg> -->
<!-- 	</bean> -->

	<!-- new Date(); -->
<!-- 	<bean id="date1" class="java.util.Date"></bean> -->
<!-- 	<bean id="date2" class="java.util.Date"></bean> -->

<!-- 	<bean id="car2" class="tw.hibernatedemo.model.Car"> -->
<!-- 		<constructor-arg name="releaseDate" -->
<!-- 			type="java.util.Date" ref="date1"></constructor-arg> -->
<!-- 		<constructor-arg name="productionDate" -->
<!-- 			type="java.util.Date" ref="date2"></constructor-arg> -->
<!-- 	</bean> -->

<!-- 	<bean id="car3" class="tw.hibernatedemo.model.Car" p:id="1002" -->
<!-- 		p:carName="911" p:brand="Porsche"></bean> -->

<!-- 	<bean id="javaBook" class="tw.hibernatedemo.model.BookBeanStaticFactory" -->
<!-- 		factory-method="getBook"> -->
<!-- 		<constructor-arg value="1"></constructor-arg> -->
<!-- 	</bean> -->

<!-- 	<bean id="mathBook" class="tw.hibernatedemo.model.BookBeanStaticFactory" -->
<!-- 		factory-method="getBook"> -->
<!-- 		<constructor-arg value="2"></constructor-arg> -->
<!-- 	</bean> -->

<!-- 	<bean id="bookBeanFactory" class="tw.hibernatedemo.model.BookBeanFactory"> -->
<!-- 		<property name="bookmap"> -->
<!-- 			<map> -->
<!-- 				<entry key="3"> -->
<!-- 					<bean class="tw.hibernatedemo.model.Book"> -->
<!-- 						<property name="id" value="3"></property> -->
<!-- 						<property name="bookName" value="掌握市場週期"></property> -->
<!-- 					</bean> -->
<!-- 				</entry> -->
<!-- 				<entry key="4"> -->
<!-- 					<bean class="tw.hibernatedemo.model.Book"> -->
<!-- 						<property name="id" value="4"></property> -->
<!-- 						<property name="bookName" value="間諜家家酒"></property> -->
<!-- 					</bean> -->
<!-- 				</entry> -->
<!-- 			</map> -->
<!-- 		</property> -->
<!-- 	</bean> -->

<!-- 	<bean id="marketBook" factory-bean="bookBeanFactory" -->
<!-- 		factory-method="getBook"> -->
<!-- 		<constructor-arg value="3"></constructor-arg> -->
<!-- 	</bean> -->

<!-- 	<bean id="spyBook" factory-bean="bookBeanFactory" -->
<!-- 		factory-method="getBook"> -->
<!-- 		<constructor-arg value="4"></constructor-arg> -->
<!-- 	</bean> -->

<!-- 	<bean id="props" -->
<!-- 		class="org.springframework.beans.factory.config.PropertiesFactoryBean"> -->
<!-- 		<property name="location"> -->
<!-- 			<value>classpath:light.properties</value> -->
<!-- 		</property> -->
<!-- 	</bean> -->
</beans>